name,ra,dec,stokes_i_jy,reference_frequency_hz,spectral_index
3C444,22h14m16s,-17d01m36s,60,200000000,-0.96
CentaurusA,13h25m28s,-43d01m09s,1370,200000000,-0.50
HydraA,09h18m06s,-12d05m44s,280,200000000,-0.96
PictorA,05h19m50s,-45d46m44s,390,200000000,-0.99
HerculesA,16h51m08s,04d59m33s,377,200000000,-1.07
VirgoA,12h30m49s,12d23m28s,861,200000000,-0.86
Crab,05h34m32s,22d00m52s,1340,200000000,-0.22
CygnusA,19h59m28s,40d44m02s,7920,200000000,-0.78
CassiopeiaA,23h23m28s,58d48m42s,11900,200000000,-0.41
FornaxA,3h22m42s,-37d12m2s,750,154000000,-0.825
